lead_id,nome,email,cidade,telefone,assunto,corpo
L028,Sol Nascente Imóveis,contato@ssolnascente.com.br,Praia Grande,(11) 99741-5843,Parceria Praia Digital — Praia Grande + IA,"Famílias buscam segurança e praticidade no Praia Grande. Com nossa IA, você envia opções personalizadas em minutos, não em dias. Vamos fazer um teste de 30 dias?"
L029,Maré Alta Imóveis,contato@smarealta.com.br,Costa Verde,(11) 98257-3494,Parceria Praia Digital — Costa Verde + IA,Clientes de alto padrão no Costa Verde esperam atendimento VIP. Nossa IA personaliza recomendações e qualifica leads automaticamente. Quer ver na prática?
L030,Costa Branca Imóveis,contato@scostabranca.com.br,Praia Sul,(11) 98953-9445,Parceria Praia Digital — Praia Sul + IA,"Famílias buscam segurança e praticidade no Praia Sul. Com nossa IA, você envia opções personalizadas em minutos, não em dias. Vamos fazer um teste de 30 dias?"
L031,Vista Mar Imóveis,contato@svistamar.com.br,Litoral Norte,(11) 99446-7744,Parceria Praia Digital — Litoral Norte + IA,Verão no Litoral Norte movimenta vendas. Automatize captação e feche mais antes da temporada começar. Demo de 15min?
L032,Praia Dourada Imóveis,contato@spraiadourada.com.br,Praia Sul,(11) 99145-9373,Parceria Praia Digital — Praia Sul + IA,"Famílias buscam segurança e praticidade no Praia Sul. Com nossa IA, você envia opções personalizadas em minutos, não em dias. Vamos fazer um teste de 30 dias?"
L033,Recanto do Sol Imóveis,contato@srecantodosol.com.br,Centro Hist.,(11) 99183-5439,Parceria Praia Digital — Centro Hist. + IA,Imóveis comerciais no Centro Hist. tem ciclo de venda longo. Automatize follow-up e reduza esse tempo em até 40%. Demonstração gratuita?
L034,Maré Azul Imóveis,contato@smareazul.com.br,Barra Norte,(11) 98209-9548,Parceria Praia Digital — Barra Norte + IA,Picos de temporada no Barra Norte exigem resposta instantânea. Nosso assistente 24/7 garante que nenhum lead fique sem atendimento. Teste grátis?
L035,Brisa do Litoral Imóveis,contato@sbrisadolitoral.com.br,Vila Mar,(11) 98800-6546,Parceria Praia Digital — Vila Mar + IA,Imóveis comerciais no Vila Mar tem ciclo de venda longo. Automatize follow-up e reduza esse tempo em até 40%. Demonstração gratuita?
L036,Costa do Sol Imóveis,contato@scostadosol.com.br,Brisa do Mar,(11) 99919-9687,Parceria Praia Digital — Brisa do Mar + IA,Picos de temporada no Brisa do Mar exigem resposta instantânea. Nosso assistente 24/7 garante que nenhum lead fique sem atendimento. Teste grátis?
L037,Vila Mariana Imóveis,contato@svilamariana.com.br,Praia Grande,(11) 99046-8259,Parceria Praia Digital — Praia Grande + IA,"Famílias buscam segurança e praticidade no Praia Grande. Com nossa IA, você envia opções personalizadas em minutos, não em dias. Vamos fazer um teste de 30 dias?"
L038,Porto Belo Imóveis,contato@sportobelo.com.br,Costa Dourada,(11) 98429-6482,Parceria Praia Digital — Costa Dourada + IA,Investidores no Costa Dourada buscam dados rápidos e avaliações precisas. Nossa ferramenta entrega isso em 1 clique. Vamos testar?
L039,Maré Viva Imóveis,contato@smareviva.com.br,Porto da Lua,(11) 99737-9392,Parceria Praia Digital — Porto da Lua + IA,A temporada no Porto da Lua já começou e cada hora sem resposta é lead perdido. Nossa assistente virtual responde em segundos 24/7. Quer testar gratuitamente por 15 dias?
L040,Praia Verde Imóveis,contato@spraiaverde.com.br,Costa Verde,(11) 99827-6462,Parceria Praia Digital — Costa Verde + IA,Clientes de alto padrão no Costa Verde esperam atendimento VIP. Nossa IA personaliza recomendações e qualifica leads automaticamente. Quer ver na prática?
L041,Costa Serena Imóveis,contato@scostaserena.com.br,Barra Norte,(11) 98577-2510,Parceria Praia Digital — Barra Norte + IA,Picos de temporada no Barra Norte exigem resposta instantânea. Nosso assistente 24/7 garante que nenhum lead fique sem atendimento. Teste grátis?
L042,Maré Alta Prime Imóveis,contato@smarealtaprime.com.br,Porto da Lua,(11) 99504-3746,Parceria Praia Digital — Porto da Lua + IA,A temporada no Porto da Lua já começou e cada hora sem resposta é lead perdido. Nossa assistente virtual responde em segundos 24/7. Quer testar gratuitamente por 15 dias?
L043,Sol do Mar Imóveis,contato@ssoldomar.com.br,Costa Verde,(11) 99304-4599,Parceria Praia Digital — Costa Verde + IA,Clientes de alto padrão no Costa Verde esperam atendimento VIP. Nossa IA personaliza recomendações e qualifica leads automaticamente. Quer ver na prática?
L044,Vila Mar Imóveis,contato@svilamar.com.br,Centro Hist.,(11) 98552-9925,Parceria Praia Digital — Centro Hist. + IA,Imóveis comerciais no Centro Hist. tem ciclo de venda longo. Automatize follow-up e reduza esse tempo em até 40%. Demonstração gratuita?
L045,Porto Sol Imóveis,contato@sportosol.com.br,Costa Dourada,(11) 98728-1565,Parceria Praia Digital — Costa Dourada + IA,Investidores no Costa Dourada buscam dados rápidos e avaliações precisas. Nossa ferramenta entrega isso em 1 clique. Vamos testar?
L046,Costa Dourada Imóveis,contato@scostadourada.com.br,Costa Dourada,(11) 98890-2940,Parceria Praia Digital — Costa Dourada + IA,Investidores no Costa Dourada buscam dados rápidos e avaliações precisas. Nossa ferramenta entrega isso em 1 clique. Vamos testar?
L047,Brisa Marina Imóveis,contato@sbrisamarina.com.br,Centro Hist.,(11) 99563-9778,Parceria Praia Digital — Centro Hist. + IA,Imóveis comerciais no Centro Hist. tem ciclo de venda longo. Automatize follow-up e reduza esse tempo em até 40%. Demonstração gratuita?
L048,Praia Serena Imóveis,contato@spraiaserena.com.br,Barra Norte,(11) 98823-5454,Parceria Praia Digital — Barra Norte + IA,Picos de temporada no Barra Norte exigem resposta instantânea. Nosso assistente 24/7 garante que nenhum lead fique sem atendimento. Teste grátis?
L049,Maré Nova Imóveis,contato@smarenova.com.br,Praia Grande,(11) 99843-4748,Parceria Praia Digital — Praia Grande + IA,"Famílias buscam segurança e praticidade no Praia Grande. Com nossa IA, você envia opções personalizadas em minutos, não em dias. Vamos fazer um teste de 30 dias?"
L050,Sol Nascente Prime Imóveis,contato@ssolnascenteprime.com.br,Vila Mar,(11) 98888-6858,Parceria Praia Digital — Vila Mar + IA,Imóveis comerciais no Vila Mar tem ciclo de venda longo. Automatize follow-up e reduza esse tempo em até 40%. Demonstração gratuita?
L051,Costa Azul Imóveis,contato@scostaazul.com.br,Brisa do Mar,(11) 98729-1826,Parceria Praia Digital — Brisa do Mar + IA,Picos de temporada no Brisa do Mar exigem resposta instantânea. Nosso assistente 24/7 garante que nenhum lead fique sem atendimento. Teste grátis?
L052,Vila Mar Azul Imóveis,contato@svilamarazul.com.br,Praia Sul,(11) 99071-1226,Parceria Praia Digital — Praia Sul + IA,"Famílias buscam segurança e praticidade no Praia Sul. Com nossa IA, você envia opções personalizadas em minutos, não em dias. Vamos fazer um teste de 30 dias?"
L053,Litoral Premium Imóveis,contato@slitoralpremium.com.br,Vila Mar,(11) 99791-4558,Parceria Praia Digital — Vila Mar + IA,Imóveis comerciais no Vila Mar tem ciclo de venda longo. Automatize follow-up e reduza esse tempo em até 40%. Demonstração gratuita?
L054,Praia Exclusive Imóveis,contato@spraiaexclusive.com.br,Barra Norte,(11) 99499-2529,Parceria Praia Digital — Barra Norte + IA,Picos de temporada no Barra Norte exigem resposta instantânea. Nosso assistente 24/7 garante que nenhum lead fique sem atendimento. Teste grátis?
L055,Costa Premium Imóveis,contato@scostapremium.com.br,Praia Sul,(11) 98528-4193,Parceria Praia Digital — Praia Sul + IA,"Famílias buscam segurança e praticidade no Praia Sul. Com nossa IA, você envia opções personalizadas em minutos, não em dias. Vamos fazer um teste de 30 dias?"
L056,Barra Premium Imóveis,contato@sbarrapremium.com.br,Barra Norte,(11) 99819-8033,Parceria Praia Digital — Barra Norte + IA,Picos de temporada no Barra Norte exigem resposta instantânea. Nosso assistente 24/7 garante que nenhum lead fique sem atendimento. Teste grátis?
L057,Porto Exclusive Imóveis,contato@sportoexclusive.com.br,Porto da Lua,(11) 98881-5304,Parceria Praia Digital — Porto da Lua + IA,A temporada no Porto da Lua já começou e cada hora sem resposta é lead perdido. Nossa assistente virtual responde em segundos 24/7. Quer testar gratuitamente por 15 dias?
