NOME,EMAIL,TELEFONE,CIDADE,ASSUNTO,MENSAGEM,REMETENTE,RESPOSTA_PARA,PREHEADER,NOME_EMPRESA
Sol Nascente Imóveis,contato@ssolnascente.com.br,(11) 99741-5843,Praia Grande,Parceria Praia Digital — Praia Grande + IA,"Famílias buscam segurança e praticidade no Praia Grande. Com nossa IA, você envia opções personalizadas em minutos, não em dias. Vamos fazer um teste de 30 dias?",Carolina Moura | CEO Praia Digital,comercial@praia.digital,Parceria com ferramentas de IA e captação no litoral.,Praia Digital
Maré Alta Imóveis,contato@smarealta.com.br,(11) 98257-3494,Costa Verde,Parceria Praia Digital — Costa Verde + IA,Clientes de alto padrão no Costa Verde esperam atendimento VIP. Nossa IA personaliza recomendações e qualifica leads automaticamente. Quer ver na prática?,Carolina Moura | CEO Praia Digital,comercial@praia.digital,Parceria com ferramentas de IA e captação no litoral.,Praia Digital
Costa Branca Imóveis,contato@scostabranca.com.br,(11) 98953-9445,Praia Sul,Parceria Praia Digital — Praia Sul + IA,"Famílias buscam segurança e praticidade no Praia Sul. Com nossa IA, você envia opções personalizadas em minutos, não em dias. Vamos fazer um teste de 30 dias?",Carolina Moura | CEO Praia Digital,comercial@praia.digital,Parceria com ferramentas de IA e captação no litoral.,Praia Digital
Vista Mar Imóveis,contato@svistamar.com.br,(11) 99446-7744,Litoral Norte,Parceria Praia Digital — Litoral Norte + IA,Verão no Litoral Norte movimenta vendas. Automatize captação e feche mais antes da temporada começar. Demo de 15min?,Carolina Moura | CEO Praia Digital,comercial@praia.digital,Parceria com ferramentas de IA e captação no litoral.,Praia Digital
Praia Dourada Imóveis,contato@spraiadourada.com.br,(11) 99145-9373,Praia Sul,Parceria Praia Digital — Praia Sul + IA,"Famílias buscam segurança e praticidade no Praia Sul. Com nossa IA, você envia opções personalizadas em minutos, não em dias. Vamos fazer um teste de 30 dias?",Carolina Moura | CEO Praia Digital,comercial@praia.digital,Parceria com ferramentas de IA e captação no litoral.,Praia Digital
Recanto do Sol Imóveis,contato@srecantodosol.com.br,(11) 99183-5439,Centro Hist.,Parceria Praia Digital — Centro Hist. + IA,Imóveis comerciais no Centro Hist. tem ciclo de venda longo. Automatize follow-up e reduza esse tempo em até 40%. Demonstração gratuita?,Carolina Moura | CEO Praia Digital,comercial@praia.digital,Parceria com ferramentas de IA e captação no litoral.,Praia Digital
Maré Azul Imóveis,contato@smareazul.com.br,(11) 98209-9548,Barra Norte,Parceria Praia Digital — Barra Norte + IA,Picos de temporada no Barra Norte exigem resposta instantânea. Nosso assistente 24/7 garante que nenhum lead fique sem atendimento. Teste grátis?,Carolina Moura | CEO Praia Digital,comercial@praia.digital,Parceria com ferramentas de IA e captação no litoral.,Praia Digital
Brisa do Litoral Imóveis,contato@sbrisadolitoral.com.br,(11) 98800-6546,Vila Mar,Parceria Praia Digital — Vila Mar + IA,Imóveis comerciais no Vila Mar tem ciclo de venda longo. Automatize follow-up e reduza esse tempo em até 40%. Demonstração gratuita?,Carolina Moura | CEO Praia Digital,comercial@praia.digital,Parceria com ferramentas de IA e captação no litoral.,Praia Digital
Costa do Sol Imóveis,contato@scostadosol.com.br,(11) 99919-9687,Brisa do Mar,Parceria Praia Digital — Brisa do Mar + IA,Picos de temporada no Brisa do Mar exigem resposta instantânea. Nosso assistente 24/7 garante que nenhum lead fique sem atendimento. Teste grátis?,Carolina Moura | CEO Praia Digital,comercial@praia.digital,Parceria com ferramentas de IA e captação no litoral.,Praia Digital
Vila Mariana Imóveis,contato@svilamariana.com.br,(11) 99046-8259,Praia Grande,Parceria Praia Digital — Praia Grande + IA,"Famílias buscam segurança e praticidade no Praia Grande. Com nossa IA, você envia opções personalizadas em minutos, não em dias. Vamos fazer um teste de 30 dias?",Carolina Moura | CEO Praia Digital,comercial@praia.digital,Parceria com ferramentas de IA e captação no litoral.,Praia Digital
Porto Belo Imóveis,contato@sportobelo.com.br,(11) 98429-6482,Costa Dourada,Parceria Praia Digital — Costa Dourada + IA,Investidores no Costa Dourada buscam dados rápidos e avaliações precisas. Nossa ferramenta entrega isso em 1 clique. Vamos testar?,Carolina Moura | CEO Praia Digital,comercial@praia.digital,Parceria com ferramentas de IA e captação no litoral.,Praia Digital
Maré Viva Imóveis,contato@smareviva.com.br,(11) 99737-9392,Porto da Lua,Parceria Praia Digital — Porto da Lua + IA,A temporada no Porto da Lua já começou e cada hora sem resposta é lead perdido. Nossa assistente virtual responde em segundos 24/7. Quer testar gratuitamente por 15 dias?,Carolina Moura | CEO Praia Digital,comercial@praia.digital,Parceria com ferramentas de IA e captação no litoral.,Praia Digital
Praia Verde Imóveis,contato@spraiaverde.com.br,(11) 99827-6462,Costa Verde,Parceria Praia Digital — Costa Verde + IA,Clientes de alto padrão no Costa Verde esperam atendimento VIP. Nossa IA personaliza recomendações e qualifica leads automaticamente. Quer ver na prática?,Carolina Moura | CEO Praia Digital,comercial@praia.digital,Parceria com ferramentas de IA e captação no litoral.,Praia Digital
Costa Serena Imóveis,contato@scostaserena.com.br,(11) 98577-2510,Barra Norte,Parceria Praia Digital — Barra Norte + IA,Picos de temporada no Barra Norte exigem resposta instantânea. Nosso assistente 24/7 garante que nenhum lead fique sem atendimento. Teste grátis?,Carolina Moura | CEO Praia Digital,comercial@praia.digital,Parceria com ferramentas de IA e captação no litoral.,Praia Digital
Maré Alta Prime Imóveis,contato@smarealtaprime.com.br,(11) 99504-3746,Porto da Lua,Parceria Praia Digital — Porto da Lua + IA,A temporada no Porto da Lua já começou e cada hora sem resposta é lead perdido. Nossa assistente virtual responde em segundos 24/7. Quer testar gratuitamente por 15 dias?,Carolina Moura | CEO Praia Digital,comercial@praia.digital,Parceria com ferramentas de IA e captação no litoral.,Praia Digital
Sol do Mar Imóveis,contato@ssoldomar.com.br,(11) 99304-4599,Costa Verde,Parceria Praia Digital — Costa Verde + IA,Clientes de alto padrão no Costa Verde esperam atendimento VIP. Nossa IA personaliza recomendações e qualifica leads automaticamente. Quer ver na prática?,Carolina Moura | CEO Praia Digital,comercial@praia.digital,Parceria com ferramentas de IA e captação no litoral.,Praia Digital
Vila Mar Imóveis,contato@svilamar.com.br,(11) 98552-9925,Centro Hist.,Parceria Praia Digital — Centro Hist. + IA,Imóveis comerciais no Centro Hist. tem ciclo de venda longo. Automatize follow-up e reduza esse tempo em até 40%. Demonstração gratuita?,Carolina Moura | CEO Praia Digital,comercial@praia.digital,Parceria com ferramentas de IA e captação no litoral.,Praia Digital
Porto Sol Imóveis,contato@sportosol.com.br,(11) 98728-1565,Costa Dourada,Parceria Praia Digital — Costa Dourada + IA,Investidores no Costa Dourada buscam dados rápidos e avaliações precisas. Nossa ferramenta entrega isso em 1 clique. Vamos testar?,Carolina Moura | CEO Praia Digital,comercial@praia.digital,Parceria com ferramentas de IA e captação no litoral.,Praia Digital
Costa Dourada Imóveis,contato@scostadourada.com.br,(11) 98890-2940,Costa Dourada,Parceria Praia Digital — Costa Dourada + IA,Investidores no Costa Dourada buscam dados rápidos e avaliações precisas. Nossa ferramenta entrega isso em 1 clique. Vamos testar?,Carolina Moura | CEO Praia Digital,comercial@praia.digital,Parceria com ferramentas de IA e captação no litoral.,Praia Digital
Brisa Marina Imóveis,contato@sbrisamarina.com.br,(11) 99563-9778,Centro Hist.,Parceria Praia Digital — Centro Hist. + IA,Imóveis comerciais no Centro Hist. tem ciclo de venda longo. Automatize follow-up e reduza esse tempo em até 40%. Demonstração gratuita?,Carolina Moura | CEO Praia Digital,comercial@praia.digital,Parceria com ferramentas de IA e captação no litoral.,Praia Digital
Praia Serena Imóveis,contato@spraiaserena.com.br,(11) 98823-5454,Barra Norte,Parceria Praia Digital — Barra Norte + IA,Picos de temporada no Barra Norte exigem resposta instantânea. Nosso assistente 24/7 garante que nenhum lead fique sem atendimento. Teste grátis?,Carolina Moura | CEO Praia Digital,comercial@praia.digital,Parceria com ferramentas de IA e captação no litoral.,Praia Digital
Maré Nova Imóveis,contato@smarenova.com.br,(11) 99843-4748,Praia Grande,Parceria Praia Digital — Praia Grande + IA,"Famílias buscam segurança e praticidade no Praia Grande. Com nossa IA, você envia opções personalizadas em minutos, não em dias. Vamos fazer um teste de 30 dias?",Carolina Moura | CEO Praia Digital,comercial@praia.digital,Parceria com ferramentas de IA e captação no litoral.,Praia Digital
Sol Nascente Prime Imóveis,contato@ssolnascenteprime.com.br,(11) 98888-6858,Vila Mar,Parceria Praia Digital — Vila Mar + IA,Imóveis comerciais no Vila Mar tem ciclo de venda longo. Automatize follow-up e reduza esse tempo em até 40%. Demonstração gratuita?,Carolina Moura | CEO Praia Digital,comercial@praia.digital,Parceria com ferramentas de IA e captação no litoral.,Praia Digital
Costa Azul Imóveis,contato@scostaazul.com.br,(11) 98729-1826,Brisa do Mar,Parceria Praia Digital — Brisa do Mar + IA,Picos de temporada no Brisa do Mar exigem resposta instantânea. Nosso assistente 24/7 garante que nenhum lead fique sem atendimento. Teste grátis?,Carolina Moura | CEO Praia Digital,comercial@praia.digital,Parceria com ferramentas de IA e captação no litoral.,Praia Digital
Vila Mar Azul Imóveis,contato@svilamarazul.com.br,(11) 99071-1226,Praia Sul,Parceria Praia Digital — Praia Sul + IA,"Famílias buscam segurança e praticidade no Praia Sul. Com nossa IA, você envia opções personalizadas em minutos, não em dias. Vamos fazer um teste de 30 dias?",Carolina Moura | CEO Praia Digital,comercial@praia.digital,Parceria com ferramentas de IA e captação no litoral.,Praia Digital
Litoral Premium Imóveis,contato@slitoralpremium.com.br,(11) 99791-4558,Vila Mar,Parceria Praia Digital — Vila Mar + IA,Imóveis comerciais no Vila Mar tem ciclo de venda longo. Automatize follow-up e reduza esse tempo em até 40%. Demonstração gratuita?,Carolina Moura | CEO Praia Digital,comercial@praia.digital,Parceria com ferramentas de IA e captação no litoral.,Praia Digital
Praia Exclusive Imóveis,contato@spraiaexclusive.com.br,(11) 99499-2529,Barra Norte,Parceria Praia Digital — Barra Norte + IA,Picos de temporada no Barra Norte exigem resposta instantânea. Nosso assistente 24/7 garante que nenhum lead fique sem atendimento. Teste grátis?,Carolina Moura | CEO Praia Digital,comercial@praia.digital,Parceria com ferramentas de IA e captação no litoral.,Praia Digital
Costa Premium Imóveis,contato@scostapremium.com.br,(11) 98528-4193,Praia Sul,Parceria Praia Digital — Praia Sul + IA,"Famílias buscam segurança e praticidade no Praia Sul. Com nossa IA, você envia opções personalizadas em minutos, não em dias. Vamos fazer um teste de 30 dias?",Carolina Moura | CEO Praia Digital,comercial@praia.digital,Parceria com ferramentas de IA e captação no litoral.,Praia Digital
Barra Premium Imóveis,contato@sbarrapremium.com.br,(11) 99819-8033,Barra Norte,Parceria Praia Digital — Barra Norte + IA,Picos de temporada no Barra Norte exigem resposta instantânea. Nosso assistente 24/7 garante que nenhum lead fique sem atendimento. Teste grátis?,Carolina Moura | CEO Praia Digital,comercial@praia.digital,Parceria com ferramentas de IA e captação no litoral.,Praia Digital
Porto Exclusive Imóveis,contato@sportoexclusive.com.br,(11) 98881-5304,Porto da Lua,Parceria Praia Digital — Porto da Lua + IA,A temporada no Porto da Lua já começou e cada hora sem resposta é lead perdido. Nossa assistente virtual responde em segundos 24/7. Quer testar gratuitamente por 15 dias?,Carolina Moura | CEO Praia Digital,comercial@praia.digital,Parceria com ferramentas de IA e captação no litoral.,Praia Digital
